"Adepoju Adeyemi Samuel",fisayo@gmail.com,2022-11-04,male,Nigeria
Getfunds.ng,fisayo@gmail.com,2022-10-12,female,Nigeria
Getfunds.ng,samueladepoju86@yahoo.com.com,,male,Nigeria
"Adepoju Adeyemi Samuel ",smith@yahoo.com,2022-10-26,male,Nigeria
"ADEPOJU ADEYEMI SAMU",fisayo@gmail.com,2022-10-04,male,Nigeria
"Adepoju Adeyemi Samuel",samueladepoju86@yahoo.com,2022-11-05,male,Nigeria
"ADEPOJU ADEYEMI SAMU",fisayo@gmail.com,2022-10-28,male,Nigeria
"Adepoju Adeyemi Samuel ",fisayo@gmail.com,2022-10-29,male,Nigeria
,,,male,
"Adepoju Adeyemi Samuel ",qde@gmail.com,3554-05-05,male,Nigeria
"Adepoju Adeyemi Samuel ",smith@yahoo.com,,male,Nigeria
